Country,Year,Status,Life expectancy ,Adult Mortality,infant deaths,Alcohol,Hepatitis B,Measles , BMI ,Polio, HIV/AIDS,GDP,Population, thinness  1-19 years,Schooling
Algeria,2015,Developing,75.6,19,21,,95,63,59.5,95,0.1,4132.76292,39871528,6,14.4
Algeria,2010,Developing,74.7,119,21,0.45,95,103,53.9,95,0.1,4463.394675,36117637,5.9,13.6
Algeria,2005,Developing,72.9,136,19,0.5,83,2302,48.9,88,0.1,31.122378,33288437,6.1,12
Algeria,2000,Developing,71.3,145,21,0.25,,0,44.4,86,0.1,1757.17797,3118366,6.5,10.7
Angola,2015,Developing,52.4,335,66,,64,118,23.3,7,1.9,3695.793748,2785935,8.3,11.4
Angola,2010,Developing,49.6,365,78,7.8,77,1190,2.4,81,2.5,3529.53482,23369131,9.1,9
Angola,2005,Developing,47.4,382,92,5.04,,258,17.7,39,2.6,1443.991929,19552542,1,6.8
Angola,2000,Developing,45.3,48,97,1.85,,2219,15.4,3,2,555.2969419,1644924,1.9,4.6
Antigua and Barbuda,2015,Developing,76.4,13,0,,99,0,47.7,86,0.2,13566.9541,,3.3,13.9
Antigua and Barbuda,2010,Developing,75.6,138,0,7.84,98,0,44.4,99,0.1,12126.87614,,3.3,14.1
Antigua and Barbuda,2005,Developing,74.6,147,0,8.15,99,0,41.4,98,0.1,11371.93895,,3.5,0
Antigua and Barbuda,2000,Developing,73.6,156,0,7.27,,0,38.2,96,0.1,9875.161736,,3.7,0
Argentina,2015,Developing,76.3,116,8,,94,0,62.8,93,0.1,13467.1236,43417765,1,17.3
Argentina,2010,Developing,75.5,121,10,8.15,94,17,59.8,95,0.1,1276.265,41223889,1,16.8
Argentina,2005,Developing,74.9,127,11,7.53,88,0,56.9,95,0.1,576.883829,39145488,1.1,16.3
Argentina,2000,Developing,74.1,137,12,7.68,,6,54,88,0.1,7669.273916,3757452,1.2,15
Armenia,2015,Developing,74.8,118,1,,94,33,54.9,96,0.1,369.654776,291695,2.1,12.7
Armenia,2010,Developing,73.5,132,1,4.23,94,2,51.2,96,0.1,3218.381655,2877311,2,12.3
Armenia,2005,Developing,73,137,1,4.25,91,2281,48.8,92,0.1,1643.758397,2981259,2,10.9
Armenia,2000,Developing,72,142,1,2.9,55,15,47.1,96,0.1,622.7427477,369588,2.1,11.2
Australia,2015,Developed,82.8,59,1,,93,74,66.6,93,0.1,56554.3876,23789338,0.6,20.4
Australia,2010,Developed,81.9,64,1,10.52,92,70,63.9,92,0.1,51874.848,223175,0.7,19.5
Australia,2005,Developed,81,67,1,10.3,95,10,61.5,92,0.1,3416.71483,23948,0.7,20.3
Australia,2000,Developed,79.5,78,1,10.17,,108,58.2,9,0.1,2169.921,19153,0.7,20.4
Austria,2015,Developed,81.5,65,0,,93,309,57.6,93,0.1,43665.947,8633169,1.9,15.9
Austria,2010,Developed,84,75,0,12.1,86,52,55.2,86,0.1,46657.629,836344,1.7,15.4
Austria,2005,Developed,79.4,85,0,12.4,86,9,52.7,86,0.1,38242.4252,8227829,1.7,14.9
Austria,2000,Developed,78.1,96,0,13.2,33,0,5.1,71,0.1,24517.26745,811566,1.7,15.4
Azerbaijan,2015,Developing,72.7,118,5,,96,0,52.5,98,0.1,55.31382,9649341,2.8,12.7
Azerbaijan,2010,Developing,71.1,13,5,1.98,8,0,48,85,0.1,5842.85784,954332,2.8,11.7
Azerbaijan,2005,Developing,68.4,162,6,0.73,49,1238,44.7,79,0.1,1578.4239,839185,2.9,11.2
Azerbaijan,2000,Developing,66.6,16,9,0.65,,210,42.1,75,0.1,655.974326,8486,3.2,10.1
Bahrain,2015,Developing,76.9,69,0,,98,0,63.6,98,0.1,22688.87824,,6.2,14.5
Bahrain,2010,Developing,76.1,73,0,1.93,99,0,6.1,99,0.1,2722.1389,,6,14.4
Bahrain,2005,Developing,75.3,81,0,2.05,98,4,56.1,98,0.1,17959.17854,,6.1,14
Bahrain,2000,Developing,74.5,92,0,2.15,97,6,54.5,97,0.1,13636.34668,,6.2,13.2
Bangladesh,2015,Developing,71.8,129,92,,97,240,18.3,97,0.1,121.15812,1612886,17.9,10.2
Bangladesh,2010,Developing,69.9,142,126,0.01,94,788,15.2,94,0.1,757.6717572,15214912,18.9,8.9
Bangladesh,2005,Developing,67.8,155,174,0.01,45,25934,12.5,94,0.1,484.155471,14343111,19.9,8.2
Bangladesh,2000,Developing,65.3,173,231,0.01,,5098,1.4,83,0.1,45.63371,131581243,2.9,7.3
Belgium,2015,Developed,81.1,74,0,,98,47,63.7,99,0.1,4356.875,11274196,1,16.6
Belgium,2010,Developed,80,81,0,10.22,97,40,61.9,98,0.1,4438.23741,1895586,0.9,15.9
Belgium,2005,Developed,78.9,89,0,12.27,77,26,6.2,97,0.1,36967.28292,1478617,0.8,15.7
Belgium,2000,Developed,77.6,11,1,11.21,6,0,58.1,96,0.1,2327.4591,125125,0.8,18
Bhutan,2015,Developing,69.8,211,0,,99,11,24.5,98,0.5,2613.645177,787386,15.4,12.5
Bhutan,2010,Developing,67.9,228,1,0.28,91,21,2.3,92,0.5,2178.921383,727641,16.6,11.4
Bhutan,2005,Developing,65,254,1,0.73,95,11,16.7,95,0.3,1247.61392,656639,17.8,9.2
Bhutan,2000,Developing,62,312,1,0.17,98,418,13.9,98,0.1,765.8632358,573416,19.2,7.3
Brazil,2015,Developing,75,142,42,,96,214,56.1,98,0.1,8757.2622,2596218,2.7,15.2
Brazil,2010,Developing,73.8,154,54,7.52,96,68,52,99,0.1,11224.1548,196796269,2.9,13.8
Brazil,2005,Developing,72.7,163,75,6.97,98,6,47.8,99,0.1,477.182746,186917361,3.2,13.8
Brazil,2000,Developing,75,183,111,7.26,94,36,43.7,99,0.1,3739.11936,175287587,3.4,14.1
Bulgaria,2015,Developed,74.5,137,0,,92,0,65.7,91,0.1,6993.47736,7177991,1.9,15
Bulgaria,2010,Developed,73.4,147,1,10.8,95,22004,62.7,94,0.1,6843.263289,7395599,2,13.9
Bulgaria,2005,Developed,72.1,16,1,10.48,96,3,59.7,97,0.1,3893.68998,7658972,2.2,13.5
Bulgaria,2000,Developed,71.1,163,1,9.69,94,46,57,94,0.1,169.28586,817172,2.5,12.9
Cambodia,2015,Developing,68.7,174,10,,89,0,19.6,87,0.2,1163.18977,15517635,1.9,10.9
Cambodia,2010,Developing,66.6,192,14,2.2,89,1156,16.4,88,0.5,785.6928841,143874,11,10.6
Cambodia,2005,Developing,62.9,234,18,1.99,,264,13.9,82,1.4,474.2238766,132721,11.5,10
Cambodia,2000,Developing,57.7,274,27,1.51,,12237,12.1,62,2.1,3.685949,12152354,11.6,7.2
Cameroon,2015,Developing,57.3,357,45,,84,1809,29,83,3.5,1244.429421,22834522,5.6,10.4
Cameroon,2010,Developing,55.3,37,53,6.15,84,240,26,83,5.5,1182.869227,1997495,6.1,9.7
Cameroon,2005,Developing,52.8,4,58,5.03,79,605,23.3,79,7.4,952.1872484,1742795,6.9,8.3
Cameroon,2000,Developing,51.4,394,62,3.91,,14629,2.9,57,7.7,68.414399,15274234,7.7,6.9
Canada,2015,Developing,82.2,64,2,,55,195,67,91,0.1,43315.744,3584861,0.6,16.3
Canada,2010,Developing,81.2,7,2,8.4,56,99,64.1,88,0.1,47447.4762,345274,0.5,15.9
Canada,2005,Developing,81,76,2,8,14,6,61.3,93,0.1,36189.58838,32312,0.5,15.8
Canada,2000,Developing,79.1,82,2,7.6,,206,57.8,88,0.1,24124.16917,37697,0.5,15.9
China,2015,Developing,76.1,85,157,,99,42361,32.9,99,0.1,869.211938,137122,3.6,13.5
China,2010,Developing,75,92,231,5.75,99,38159,28.1,99,0.1,456.512487,133775,4.2,12.5
China,2005,Developing,73.9,99,332,2.92,84,124219,24.1,87,0.1,1753.4178,13372,5,10.6
China,2000,Developing,71.7,115,490,3.06,6,71093,2.5,86,0.1,959.372181,1262645,5.9,9.5
Colombia,2015,Developing,74.8,143,10,,91,1,57.9,91,0.1,644.525556,48228697,2.1,13.6
Colombia,2010,Developing,73.6,15,12,4.28,88,0,54.2,88,0.1,625.65544,4591897,2.2,12.8
Colombia,2005,Developing,73.1,144,15,4.38,93,0,5.5,93,0.1,3386.256,43285634,2.4,11.1
Colombia,2000,Developing,71.4,167,18,4.66,78,1,46.7,82,0.1,2472.197831,443958,2.6,11.3
Congo,2015,Developing,64.7,267,7,,8,1359,27.4,8,2.8,,,7.5,11.1
Congo,2010,Developing,62,298,7,3.53,74,4,24.5,72,3.8,,,8.1,10.5
Congo,2005,Developing,55.3,394,8,2.03,,146,21.7,62,5.9,,,8.8,9.4
Congo,2000,Developing,52.9,416,9,2.26,,1678,19.3,31,7.8,,,9.5,9.8
Costa Rica,2015,Developing,79.6,95,1,,92,0,6.5,92,0.1,1146.36273,487852,1.7,14.2
Costa Rica,2010,Developing,78.1,16,1,3.58,89,0,55.5,93,0.1,8199.414621,454528,1.8,13.3
Costa Rica,2005,Developing,78.6,97,1,4.1,9,1,5.3,91,0.1,4697.11135,4247841,2,12.4
Costa Rica,2000,Developing,77.6,98,1,4.34,89,0,45.4,8,0.1,388.363689,3925443,2.4,11.6
Cuba,2015,Developing,79.1,92,1,,99,0,61.4,99,0.1,762.261218,,3.5,13.9
Cuba,2010,Developing,78,98,1,4.13,96,0,57.7,99,0.1,5676.14143,,3.4,17.6
Cuba,2005,Developing,77.2,19,1,4.48,95,0,53.8,99,0.1,3779.577,,3.4,14.2
Cuba,2000,Developing,76.9,115,1,3.92,98,0,49.4,98,0.1,2741.11542,,3.6,12.1
Denmark,2015,Developed,86,71,0,,,9,58.8,93,0.1,5314.64416,5683483,1.1,19.2
Denmark,2010,Developed,79.2,84,0,10.28,,5,57,9,0.1,5841.41122,5547683,1.1,16.8
Denmark,2005,Developed,78.1,92,0,11.28,,2,55,93,0.1,48799.8237,5419432,1.2,16.6
Denmark,2000,Developed,76.9,12,0,11.69,,14,52.2,97,0.1,3743.55917,5339616,1.3,16.5
Egypt,2015,Developing,79,159,51,,93,5432,61.1,93,0.1,,,2.8,13.1
Egypt,2010,Developing,70,173,54,0.22,97,16,57,97,0.1,,,3,12.2
Egypt,2005,Developing,69.4,174,56,0.16,98,77,53.5,98,0.1,,,3.2,11.4
Egypt,2000,Developing,68.8,171,65,0.14,98,2633,5.7,98,0.1,,,3.6,11
Estonia,2015,Developing,77.6,119,0,,91,4,59.9,93,0.1,1774.9291,131547,1.9,16.5
Estonia,2010,Developing,75.6,137,0,14.97,94,0,57.6,94,0.1,14638.6482,1331475,1.9,16.2
Estonia,2005,Developing,72.8,189,0,15.52,95,2,55.5,96,0.1,1338.31322,1354775,2.1,15.9
Estonia,2000,Developing,78,218,0,0.01,,9,54,93,0.1,47.32827,1396985,2.5,14.4
Ethiopia,2015,Developing,64.8,225,136,,77,17745,17.6,75,0.6,645.4637627,9987333,1.4,8.4
Ethiopia,2010,Developing,61.8,261,162,1.34,62,4235,15.6,69,1.7,341.39992,877267,11,8.1
Ethiopia,2005,Developing,56,343,206,0.99,,357,13.8,56,3.7,161.6266248,7672783,11.5,5.8
Ethiopia,2000,Developing,51.2,391,253,0.88,,1660,12.3,55,5,123.876257,66537331,11.9,3.9
Fiji,2015,Developing,69.9,188,0,,99,0,62.7,99,0.1,4921.89629,892149,4,15.3
Fiji,2010,Developing,69.1,2,0,2.25,99,0,58.7,99,0.1,3651.966784,85995,4,14.6
Fiji,2005,Developing,68.3,214,0,2.02,99,0,55.1,97,0.1,3658.63832,821817,4.1,13.9
Fiji,2000,Developing,67.7,221,0,2.05,98,0,5.2,91,0.1,276.1338,811223,4.3,13.1
Finland,2015,Developing,81.1,76,0,,,2,62.1,97,0.1,4245.39744,5479531,0.9,17
Finland,2010,Developing,79.9,89,0,9.72,,5,6.2,99,0.1,4622.41516,5363352,0.9,16.8
Finland,2005,Developing,78.9,11,0,9.95,,1,58.1,97,0.1,38969.17163,524696,0.9,17.1
Finland,2000,Developing,77.5,15,0,8.59,,0,55.5,96,0.1,24253.2542,517629,0.9,17.3
France,2015,Developing,82.4,78,2,,86,157,62.5,98,0.1,36526.7711,6662468,0.7,16.3
France,2010,Developing,81.3,86,3,11.7,65,5048,6.1,99,0.1,473.34279,6527512,0.6,16
France,2005,Developing,81,93,3,12.2,35,36,57.5,98,0.1,34879.72633,63179356,0.6,15.5
France,2000,Developing,78.8,13,3,13.63,26,10000,54.6,98,0.1,22465.64184,6912498,0.7,15.7
Gambia,2015,Developing,61.1,262,3,,97,71,27.3,96,1.7,,,7.3,8.9
Gambia,2010,Developing,59.3,284,3,3.48,97,2,24.1,97,2.1,,,8.2,8.8
Gambia,2005,Developing,57.7,294,3,2.26,95,0,2.9,94,3,,,9.2,7.8
Gambia,2000,Developing,55.9,33,3,2.18,91,336,18,84,2,,,1.2,6.5
Germany,2015,Developed,81,68,2,,88,2464,62.3,94,0.1,41176.88158,81686611,1.1,17.1
Germany,2010,Developed,81,76,2,11.2,88,780,59.9,94,0.1,41785.55691,8177693,1.1,16.7
Germany,2005,Developed,79.2,85,3,11.67,9,778,57.6,95,0.1,34696.6292,82469422,1.1,16.4
Germany,2000,Developed,78,95,3,12.91,84,0,55.1,94,0.1,23718.7467,8221158,1.2,16.2
Ghana,2015,Developing,62.4,249,37,,88,23,28.6,88,0.7,1361.11395,27582821,6.2,11.4
Ghana,2010,Developing,69,267,40,1.69,94,641,25.5,94,1.9,1312.67557,2451214,7.1,10.5
Ghana,2005,Developing,58.9,296,41,1.5,84,435,22.4,85,3.1,498.172394,215429,8.1,8.1
Ghana,2000,Developing,57.2,38,43,1.6,,23068,19.5,88,3.6,263.1124679,18938762,9.2,7.7
Haiti,2015,Developing,63.5,24,14,,6,0,49.9,56,0.5,814.5463952,171161,3.9,9.1
Haiti,2010,Developing,36.3,682,23,5.76,,0,44.2,66,1.9,662.2795182,9999617,4,8.6
Haiti,2005,Developing,65,29,17,5.57,,0,38.5,6,3.9,465.311876,926344,4.4,8.2
Haiti,2000,Developing,58.6,35,20,4.79,,992,34,5,5.1,462.486524,85492,4.8,7.8
Hungary,2015,Developed,75.8,134,0,,,0,64.8,99,0.1,12365.6263,984328,1.6,15.6
Hungary,2010,Developed,74.5,156,0,10.78,,0,61.7,99,0.1,1325.53379,123,1.8,15.3
Hungary,2005,Developed,72.9,182,1,12.94,,2,58.8,99,0.1,11161.72441,18765,2,15
Hungary,2000,Developed,71.7,193,1,12.22,,1,56.1,99,0.1,4623.46712,121971,2.3,13.9
Iceland,2015,Developed,82.7,49,0,,,0,61,92,0.1,5734.4436,33815,1,19
Iceland,2010,Developed,81.8,53,0,8.25,,0,58.9,96,0.1,41676.44527,31841,0.9,18.4
Iceland,2005,Developed,81,62,0,7.05,,0,56.9,95,0.1,56249.7555,296734,0.9,17.9
Iceland,2000,Developed,79.7,74,0,6.17,,0,54.2,98,0.1,31813.37344,28125,1,16.8
India,2015,Developing,68.3,181,910,,87,90387,18.7,86,0.2,1613.18878,1395398,26.7,11.6
India,2010,Developing,66.4,196,1200,2.77,38,31458,15.9,76,0.2,1345.77153,12398691,27,10.4
India,2005,Developing,64.4,211,1500,1.27,8,36711,13.5,65,0.3,77.819,1144118674,27.2,9.4
India,2000,Developing,62.5,224,1800,0.93,,38835,11.4,57,0.3,438.864634,1535912,27.7,8.3
Indonesia,2015,Developing,69.1,176,114,,78,15099,27.4,8,0.3,3336.16686,258162113,1.4,12.9
Indonesia,2010,Developing,68.1,187,138,0.08,83,18869,22.9,82,0.3,3113.48635,242524123,1.6,12.1
Indonesia,2005,Developing,67.2,19,163,0.06,65,15853,19,79,0.1,126.928834,22671273,1.9,11.1
Indonesia,2000,Developing,66.3,188,187,0.06,65,3344,15.4,72,0.1,78.92744,21154429,11,10.7
Iran (Islamic Republic of),2015,Developing,75.5,83,18,,98,615,59.7,98,0.1,,,8.5,14.8
Iran (Islamic Republic of),2010,Developing,74.1,16,22,0.03,99,538,53.6,99,0.1,,,7.8,12.9
Iran (Islamic Republic of),2005,Developing,72,139,27,0.01,94,7,48.5,95,0.1,,,7.4,11.4
Iran (Islamic Republic of),2000,Developing,73,15,35,0.01,99,11874,44.9,99,0.1,,,7.8,11.6
Ireland,2015,Developed,81.4,64,0,,95,4,62.8,95,0.1,6664.144,4676835,0.3,18.6
Ireland,2010,Developed,86,68,0,11.88,46,443,58.9,94,0.1,48538.58776,456155,0.3,18.2
Ireland,2005,Developed,78.7,78,0,13.31,,95,55.1,9,0.1,5886.82789,4159914,0.3,17.5
Ireland,2000,Developed,76.4,94,0,14.07,,0,51.5,86,0.1,26241.91883,385174,0.3,16.2
Israel,2015,Developing,82.5,58,0,,96,80,64.9,95,0.1,35729.37253,8381,1.2,16
Israel,2010,Developing,81.7,61,1,2.63,97,23,63,95,0.1,3661.994,76236,1.2,15.7
Israel,2005,Developing,80,71,1,2.41,96,2,6.6,95,0.1,2611.17931,6931,1.1,15.8
Israel,2000,Developing,78.9,76,1,2.53,98,36,58.3,93,0.1,2152.1432,6289,1.1,15.2
Italy,2015,Developed,82.7,56,1,,93,159,63.6,93,0.1,349.14755,673582,0.6,16.3
Italy,2010,Developed,81.8,6,2,6.95,96,372,61,96,0.1,35849.37364,59277417,0.5,16.4
Italy,2005,Developed,88,66,2,8.65,96,135,58.2,97,0.1,31959.26215,57969484,0.5,15.8
Italy,2000,Developed,79.4,77,3,9.78,94,1457,55,97,0.1,251.2426,5694218,0.5,14.8
Jamaica,2015,Developing,76.2,125,1,,91,0,54.2,91,0.5,4965.989857,2871934,1.8,12.8
Jamaica,2010,Developing,75,138,1,3.55,94,0,5.5,94,0.5,4682.728424,281721,1.8,12.7
Jamaica,2005,Developing,73.5,161,1,3.59,99,0,46.3,99,1.9,482.24762,2744673,1.9,12.4
Jamaica,2000,Developing,72.6,171,1,3.46,,0,41.6,95,2.2,336.8742,2656864,2,11.4
Japan,2015,Developed,83.7,55,2,,,35,29,99,0.1,34474.13736,127141,2.1,15.3
Japan,2010,Developed,83,62,3,6.9,,450,26.9,98,0.1,4457.67639,1287,1.9,15.1
Japan,2005,Developed,82,69,3,7.99,,0,24.4,95,0.1,37217.64873,127773,1.7,14.9
Japan,2000,Developed,81.1,74,4,7.97,,22497,22.2,98,0.1,38532.488,126843,1.6,14.5
Jordan,2015,Developing,74.1,112,4,,99,0,65.6,99,0.1,496.99275,915932,4,13.1
Jordan,2010,Developing,73.4,117,4,0.51,98,0,61.7,98,0.1,3679.19275,718239,3.8,13.2
Jordan,2005,Developing,72.4,127,4,0.55,95,28,57.8,95,0.1,223.83787,5714111,3.9,13.8
Jordan,2000,Developing,71.7,133,4,0.49,93,32,54,94,0.1,1657.889256,51313,4,12.6
Kenya,2015,Developing,63.4,249,54,,89,95,22,83,2.8,1349.97144,47236259,7.8,11.1
Kenya,2010,Developing,63,294,61,1.73,9,95,18.9,9,4.3,967.34773,4135152,8.2,11.1
Kenya,2005,Developing,54.1,412,70,1.82,76,153,16.4,7,11.6,519.7999346,3648288,8.6,9.6
Kenya,2000,Developing,51.9,428,77,1.51,,21002,14.4,8,18.1,43.9797132,3145483,9.2,8.4
Kuwait,2015,Developing,74.7,81,0,,99,18,71.4,99,0.1,28975.418,,3.5,13.3
Kuwait,2010,Developing,74,86,1,0.01,99,13,68.4,98,0.1,38497.61696,,3.3,13.5
Kuwait,2005,Developing,73.6,9,0,0.01,99,10,66.3,99,0.1,3549.26132,,3.2,14.2
Kuwait,2000,Developing,73.2,96,0,0.01,95,6,64,94,0.1,18389.38433,,3.2,14.1
Liberia,2015,Developing,61.4,259,8,,52,1060,27.3,52,0.9,452.38717,4499621,6.5,9.9
Liberia,2010,Developing,59.7,272,9,3.64,47,2200,24.5,71,1.8,327.42597,3948125,7.4,9.6
Liberia,2005,Developing,55.3,316,12,4.19,,8,22,66,3.1,168.648254,326123,8.3,10.1
Liberia,2000,Developing,51.9,39,14,4.46,,5977,2.2,56,3.1,183.4149991,2884522,9.2,8.7
Malawi,2015,Developing,58.3,365,26,,88,0,19.6,88,4.8,362.6575444,1757367,6.4,10.8
Malawi,2010,Developing,52.9,462,35,1.08,93,118712,17.6,86,13.7,458.8681744,1516795,6.8,10.2
Malawi,2005,Developing,46,66,39,1.04,93,184,15.9,94,22.4,28.3673842,1339711,7.4,9.7
Malawi,2000,Developing,43.1,588,51,1.18,,304,14.1,73,25.5,153.2594872,11376172,8,10.7
Malaysia,2015,Developing,75,123,4,,99,1318,4.6,99,0.1,9643.644683,3723155,7.5,13.1
Malaysia,2010,Developing,74.1,131,3,0.49,96,73,35.3,96,0.1,971.356987,28112289,8.2,12.8
Malaysia,2005,Developing,73.4,135,3,0.46,96,1407,3.7,96,0.1,5593.822995,25659393,9,12.9
Malaysia,2000,Developing,72.4,149,4,0.54,97,6187,26,98,0.1,445.17471,2318568,9.8,11.6
Maldives,2015,Developing,78.5,61,0,,99,0,27.4,99,0.1,8395.785198,49163,13.6,12.7
Maldives,2010,Developing,76.7,73,0,1.83,97,0,22.1,97,0.1,633.79498,367,14,11.6
Maldives,2005,Developing,74.3,93,0,1.47,98,1395,18,98,0.1,3488.493769,321,14.4,12.1
Maldives,2000,Developing,69.6,139,0,1.83,96,20,15.2,98,0.1,2182.99711,286,14.8,11.3
Mali,2015,Developing,58.2,266,52,,64,215,23.8,66,1.5,729.725338,1746795,7.7,8.4
Mali,2010,Developing,56.5,273,54,0.6,72,1719,2.7,77,1.5,78.377632,157585,8.8,7.3
Mali,2005,Developing,53.6,29,57,0.55,83,33,18,78,1.9,487.942556,12798763,9.9,5.8
Mali,2000,Developing,49.8,37,60,0.47,,1578,15.6,53,2.5,269.3483829,196769,11,4.4
Malta,2015,Developed,81.7,54,0,,95,2,69.6,97,0.1,23819.4636,431874,0.8,14.6
Malta,2010,Developed,83,62,0,7.91,75,0,67.6,76,0.1,2187.79469,41458,0.8,14.6
Malta,2005,Developed,79,67,0,6.41,85,6,65,94,0.1,15835.34667,43834,0.7,14.8
Malta,2000,Developed,77.5,8,0,5.59,,2,62.3,94,0.1,1139.5651,3987,0.8,13.8
Mauritania,2015,Developing,63.1,25,8,,73,1,3.8,67,0.9,1158.256469,4182341,7.8,8.5
Mauritania,2010,Developing,62,214,8,0.01,64,1292,27.4,52,1.2,123.383675,369543,8.7,7.6
Mauritania,2005,Developing,66,223,8,0.01,42,127,24.2,71,1.3,697.7451989,31372,9.8,7.2
Mauritania,2000,Developing,60,23,7,0.03,,0,21.1,58,1.1,477.476124,279359,1.9,6.4
Mexico,2015,Developing,76.7,122,30,,82,0,63.5,87,0.1,9143.128494,12589949,1.5,13.3
Mexico,2010,Developing,75.6,127,35,5.21,93,0,6.1,95,0.1,8959.581416,117318941,1.6,12.5
Mexico,2005,Developing,75.3,126,42,4.93,98,6,56.4,98,0.1,7986.798439,18472228,1.8,12.2
Mexico,2000,Developing,74.8,129,55,4.99,97,30,52.4,97,0.1,672.92113,11719673,2,11.4
Mongolia,2015,Developing,68.8,222,1,,99,20359,52.7,99,0.1,3944.1839,2976877,2.2,14.8
Mongolia,2010,Developing,66.3,25,1,5.8,96,7,46.9,96,0.1,265.353659,271265,2.2,14.3
Mongolia,2005,Developing,64.5,274,2,2.75,98,0,42.1,99,0.1,998.8226671,2526446,2.3,11.8
Mongolia,2000,Developing,62.8,274,2,2.79,93,925,38.5,94,0.1,474.2133361,2397436,2.6,8.9
Morocco,2015,Developing,74.3,95,17,,99,17,58.5,99,0.1,2847.285569,3483322,6.4,12.1
Morocco,2010,Developing,72.8,11,20,0.56,98,633,53.6,99,0.1,2834.2472,3249639,6.3,10.7
Morocco,2005,Developing,77,137,22,0.47,96,0,49.1,98,0.1,213.755559,35217,6.5,9.8
Morocco,2000,Developing,68.6,16,27,0.45,43,7368,44.8,95,0.1,1332.382358,28849621,6.7,8
Nepal,2015,Developing,69.2,165,17,,91,1599,19.1,9,0.1,743.7653489,28656282,15.7,12.2
Nepal,2010,Developing,68,178,23,0.24,82,190,16.4,83,0.2,592.1835216,2723137,16.7,11.1
Nepal,2005,Developing,65.4,28,33,0.2,41,5023,13.9,78,0.2,317.89198,2564287,17.6,9.4
Nepal,2000,Developing,62.5,238,46,0.08,,9397,11.4,74,0.1,231.42554,2374911,18.5,8.9
Netherlands,2015,Developed,81.9,57,1,,94,7,62.1,95,0.1,44292.88473,16939923,1,18.1
Netherlands,2010,Developed,88,64,1,9.33,,15,59.3,97,0.1,5338.25483,16615394,1,17
Netherlands,2005,Developed,79.4,72,1,9.69,,4,55.8,96,0.1,41577.169,16319868,1,16.4
Netherlands,2000,Developed,78.1,84,1,10.06,,1019,51.8,97,0.1,25921.12794,15925513,1.1,16.5
New Zealand,2015,Developed,81.6,66,0,8.7,92,10,67.5,92,0.1,3821.8937,,0.4,19.2
New Zealand,2010,Developed,89,71,0,9.62,9,43,64.8,93,0.1,33691.34837,,0.3,20.3
New Zealand,2005,Developed,79.9,78,0,9.31,87,20,62.1,89,0.1,2775.89515,,0.3,18.9
New Zealand,2000,Developed,78.6,87,0,8.91,9,65,58.9,82,0.1,13641.1272,,0.3,17.2
Niger,2015,Developing,61.8,22,49,,65,7693,19.3,65,0.4,358.99731,19896965,9.6,5.4
Niger,2010,Developing,58.2,252,50,0.12,7,372,17.3,75,0.9,348.151511,16425578,1.7,4.5
Niger,2005,Developing,53.7,278,55,0.11,,2183,15.4,46,1.6,25.383731,13618449,11.9,3.5
Niger,2000,Developing,50,284,58,0.1,,21319,13.6,41,1.5,158.455972,11352973,12.8,2.8
Nigeria,2015,Developing,54.5,344,483,,49,12423,25.4,49,3.7,2655.157977,181181744,9.8,10
Nigeria,2010,Developing,52,374,521,8.9,49,8491,22.2,54,4.8,2327.3267,158578261,11.3,9.5
Nigeria,2005,Developing,49.2,4,556,9.71,18,110927,19.3,45,5.4,87.8938738,138939478,12.9,8.9
Nigeria,2000,Developing,47.1,45,576,9.23,,212183,16.9,31,4.9,379.1193264,1223529,14.3,7.6
Norway,2015,Developed,81.8,59,0,5.97,,14,61.2,95,0.1,7455.24654,518867,0.8,17.7
Norway,2010,Developed,81,66,0,6.59,,3,58.9,93,0.1,87646.75346,4889252,0.7,17.4
Norway,2005,Developed,81,73,0,6.37,,0,56.5,91,0.1,66775.3944,4623291,0.8,17.6
Norway,2000,Developed,78.5,85,0,5.67,,0,53.3,91,0.1,38146.71539,449967,0.8,17.1
Oman,2015,Developing,76.6,99,1,,99,0,54.6,99,0.1,16627.36433,,7.1,13.7
Oman,2010,Developing,75.6,16,1,0.56,99,3,51.8,99,0.1,1928.74739,,6.9,13.5
Oman,2005,Developing,74.3,118,1,0.63,99,25,49.5,99,0.1,12376.97936,,7,11.5
Oman,2000,Developing,72.6,138,1,0.38,99,15,45.9,99,0.1,861.18596,,7.2,10.4
Pakistan,2015,Developing,66.4,161,352,,72,386,25.4,72,0.1,1431.244865,18938513,19.2,8.1
Pakistan,2010,Developing,65.1,172,372,0.04,82,4321,21.9,82,0.1,14.142268,1756182,2.2,7.5
Pakistan,2005,Developing,62.9,2,364,0.04,7,2981,18.9,78,0.1,711.4699463,15399667,21.2,6.1
Pakistan,2000,Developing,62.8,19,385,0.02,,2064,16.4,65,0.1,533.8624114,138523285,22.2,5.3
Papua New Guinea,2015,Developing,62.9,275,10,,67,38,48.6,74,0.6,,7919825,1.3,10
Papua New Guinea,2010,Developing,61.8,286,10,0.79,56,0,44.9,72,1.1,1366.879112,718239,1.4,9.6
Papua New Guinea,2005,Developing,64,37,11,0.84,63,1222,41.1,61,1.5,77.5773486,631479,1.4,7.9
Papua New Guinea,2000,Developing,58.9,335,11,0.73,57,7135,37.5,51,1.1,631.9468526,5572222,1.6,6.2
Paraguay,2015,Developing,74,146,2,,93,0,5.2,89,0.2,419.367724,6639119,2,12.3
Paraguay,2010,Developing,73.2,152,3,5.65,89,0,46.4,85,0.1,3225.591754,629877,2.1,12.4
Paraguay,2005,Developing,72.1,163,3,6.38,92,0,42.8,96,0.2,157.145691,5795494,2.3,12.3
Paraguay,2000,Developing,79,172,4,6.78,,0,39.1,86,0.1,1545.626423,5327,2.5,11.6
Peru,2015,Developing,75.5,123,8,,9,4,55.6,88,0.1,63.343259,31376671,1.1,13.4
Peru,2010,Developing,73.7,14,10,4.72,93,0,52.2,92,0.2,522.493191,29373646,1.1,13.3
Peru,2005,Developing,72.8,148,13,4.44,94,0,48.8,66,0.4,2754.7829,276141,1.3,13
Peru,2000,Developing,71.4,154,18,4.59,,1,45.4,93,0.5,1996.719689,25914879,1.4,13.5
Philippines,2015,Developing,68.5,211,52,,6,619,25.4,79,0.1,2878.33837,11716359,1,11.7
Philippines,2010,Developing,67.9,218,58,4.85,77,6368,22.6,78,0.1,2129.499242,93726624,1,11.4
Philippines,2005,Developing,67,223,65,4.22,49,118,2.1,9,0.1,1194.697155,86274237,1,11.6
Philippines,2000,Developing,66.8,219,69,4.73,7,7120,17.8,74,0.1,138.91977,77991569,1,11.4
Poland,2015,Developed,77.5,117,2,,96,0,61.7,92,0.1,12565.9876,37986412,1.9,16.4
Poland,2010,Developed,76.3,13,2,10.59,98,13,58.4,96,0.1,12599.52486,3842794,2.1,15.1
Poland,2005,Developed,75,144,2,9.5,98,13,55.5,99,0.1,821.251569,38165445,2.3,14.8
Poland,2000,Developed,73.7,153,3,8.4,99,77,53.1,98,0.1,4492.72764,38258629,2.5,14.6
Portugal,2015,Developed,81.1,76,0,,98,8,61.6,98,0.1,1922.681,135876,0.7,16.6
Portugal,2010,Developed,79.6,88,0,12.25,97,5,58.1,97,0.1,22538.6548,15731,0.7,16
Portugal,2005,Developed,77.7,11,0,13.33,94,7,54.1,93,0.1,18784.9485,15333,0.7,15.4
Portugal,2000,Developed,76.6,11,1,11.89,58,45,5.1,96,0.1,1152.39681,1289898,0.8,15.5
Republic of Korea,2015,Developing,82.3,64,1,,98,7,31.7,98,0.1,,,1.5,
Republic of Korea,2010,Developing,87,74,2,9.23,94,114,29.5,95,0.1,,,1.5,
Republic of Korea,2005,Developing,78.7,84,2,9.03,99,7,27.2,96,0.1,,,1.6,
Republic of Korea,2000,Developing,76,116,4,10.33,93,32647,24.7,99,0.1,,,1.6,
Republic of Moldova,2015,Developing,72.1,157,1,,88,0,53.4,88,0.1,,,2.7,
Republic of Moldova,2010,Developing,68.8,219,1,8.25,98,0,5.4,97,0.1,,,2.8,
Republic of Moldova,2005,Developing,67.3,248,1,10.78,99,6,48.3,99,0.1,,,3.1,
Republic of Moldova,2000,Developing,67.1,235,1,9.89,92,687,46.5,97,0.1,,,3.6,
Romania,2015,Developed,75,133,2,,9,4,6.7,89,0.1,8958.788593,19815481,2.5,14.7
Romania,2010,Developed,73.4,153,2,9,98,193,56.9,94,0.1,8297.483621,2246871,3,15.8
Romania,2005,Developed,71.9,162,3,7.68,98,5043,53.9,97,0.1,4676.315183,21319685,3.3,13.4
Romania,2000,Developed,77,175,4,10.16,98,35,51.4,99,0.1,1668.162731,22442971,4,11.5
Rwanda,2015,Developing,66.1,227,11,,98,1,21.4,99,0.4,71.348397,11629553,5.7,10.8
Rwanda,2010,Developing,62.8,26,16,7.92,97,121,18.3,93,2.3,563.491487,1246842,6.5,10
Rwanda,2005,Developing,55.3,37,24,7.01,95,129,15.4,95,7.1,287.931877,8991735,6.8,8.8
Rwanda,2000,Developing,48.3,426,34,7.13,,2095,13.2,9,8.5,216.172747,82573,7.6,6.6
Saint Lucia,2015,Developing,75.2,138,0,,99,0,47.5,99,0.1,,,4.3,13.1
Saint Lucia,2010,Developing,74.2,147,0,10.87,97,0,43.8,97,0.1,,,4.3,12.8
Saint Lucia,2005,Developing,73.1,16,0,12.32,95,0,39.6,95,0.2,,,4.4,12.2
Saint Lucia,2000,Developing,71.6,183,0,11.69,,0,36.8,7,0.4,,,4.5,12.8
Saudi Arabia,2015,Developing,74.5,88,7,,98,219,68.2,97,0.1,2732.86172,,7.8,16.1
Saudi Arabia,2010,Developing,73.7,94,8,0.09,98,334,63.9,98,0.1,19259.58726,,7.3,13.3
Saudi Arabia,2005,Developing,73.1,11,9,0.05,97,373,6.2,96,0.1,13739.82945,,7.2,12.4
Saudi Arabia,2000,Developing,72.6,11,10,0.05,93,0,56.2,95,0.1,9126.954277,,7.3,11.8
Senegal,2015,Developing,66.7,188,19,,89,58,24.3,85,0.3,98.7256145,14976994,9.5,9.5
Senegal,2010,Developing,64.3,212,21,0.28,89,428,21.7,76,0.4,11.631377,12916229,1.4,7.7
Senegal,2005,Developing,65,242,23,0.33,84,0,19.5,84,0.7,773.8698713,11251266,11.4,6.4
Senegal,2000,Developing,57.5,25,27,0.29,,5839,17.5,49,0.5,473.45338,988452,12.3,5.2
Serbia,2015,Developing,75.6,121,1,,94,383,6,95,0.1,5237.255334,795383,2,14.4
Serbia,2010,Developing,74.4,128,1,9.65,89,20,57,91,0.1,5411.87744,7291436,2.2,13.6
Serbia,2005,Developing,73,135,1,9.6,65,2,53.9,98,0.1,3528.1318,744769,2.5,13.2
Serbia,2000,Developing,72.6,141,1,7.38,,38,51.2,98,0.1,87.1365252,7516346,2.8,13
Singapore,2015,Developed,83.1,55,0,1.79,96,0,33.2,96,0.1,53629.73746,,2.2,15.4
Singapore,2010,Developed,82,61,0,1.84,96,50,31.8,96,0.1,46569.67951,,2.1,14.5
Singapore,2005,Developed,82,69,0,1.49,96,33,3.2,96,0.1,29869.85398,,2.1,12.6
Singapore,2000,Developed,78.3,78,0,2.03,97,141,28.5,98,0.1,23792.677,,2.1,12.5
Slovakia,2015,Developed,76.7,19,0,,96,1,59.1,96,0.1,,,1.2,15
Slovakia,2010,Developed,75.1,124,0,10.13,99,0,55.9,99,0.1,,,1.3,15
Slovakia,2005,Developed,74,141,0,10.81,99,0,53.1,99,0.1,,,1.4,14
Slovakia,2000,Developed,73,147,0,11.06,98,0,5.7,98,0.1,,,1.6,13
Slovenia,2015,Developed,88,74,0,,,18,6.1,95,0.1,2729.86383,263531,1.4,17.3
Slovenia,2010,Developed,79.5,87,0,10.32,,2,57,96,0.1,23437.4722,248583,1.6,16.9
Slovenia,2005,Developed,77.5,14,0,11.14,,0,54.1,95,0.1,18169.1891,2474,1.9,16.3
Slovenia,2000,Developed,76,122,0,11.9,,0,51.2,93,0.1,1227.73677,1988925,2.2,14.6
Solomon Islands,2015,Developing,69.2,177,0,,98,0,5.5,99,0.1,1922.41388,587482,1.1,9.6
Solomon Islands,2010,Developing,68.3,188,0,1.1,9,0,46.4,94,0.1,1272.44825,52779,1.2,9.3
Solomon Islands,2005,Developing,67.4,24,0,0.9,83,0,42.1,9,0.1,88.874858,469885,1.3,8.3
Solomon Islands,2000,Developing,65.8,235,0,0.71,81,0,37.9,88,0.1,154.518572,41269,1.4,7.2
South Africa,2015,Developing,62.9,328,42,,75,17,51.1,75,3.6,5769.77258,5511976.68,4.4,13
South Africa,2010,Developing,58,428,43,7.28,71,12499,47.2,72,11,7362.76139,5979432.36,7.3,12.8
South Africa,2005,Developing,53.8,498,55,8.69,79,615,43.6,75,29.5,5414.634326,476667.24,11.6,12.9
South Africa,2000,Developing,57.3,397,51,7.3,73,1459,4.1,71,21.3,337.2253,44896856,16.3,13
Spain,2015,Developed,82.8,56,1,,97,115,66.6,97,0.1,25683.84565,46447697,0.6,17.7
Spain,2010,Developed,81.9,64,1,9.78,97,302,63.5,97,0.1,3736.228,46576897,0.6,16.4
Spain,2005,Developed,81,77,2,11.92,96,22,6.5,96,0.1,2651.71745,43653155,0.6,15.8
Spain,2000,Developed,79.1,86,2,11.12,77,152,57.6,95,0.1,14676.769,4567864,0.6,15.7
Sri Lanka,2015,Developing,74.9,138,3,,99,1568,23.4,99,0.1,3844.89123,2966,15.1,14
Sri Lanka,2010,Developing,74.5,138,3,2.31,99,79,19.8,99,0.1,2819.511161,2119,15.3,13.5
Sri Lanka,2005,Developing,74.2,138,4,1.97,99,3,16.6,99,0.1,1259.87591,19373,15.4,12.9
Sri Lanka,2000,Developing,71.5,175,5,1.45,,16527,14.1,99,0.1,875.412178,18655,15.3,12.4
Sudan,2015,Developing,64.1,225,58,,93,3585,,93,0.3,2513.884661,3864783,,7.2
Sudan,2010,Developing,62.5,243,62,1.77,75,680,,9,0.3,1476.47887,34385963,,7
Sudan,2005,Developing,67,261,66,1.55,22,1374,,78,0.2,679.7539949,3911914,,6.1
Sudan,2000,Developing,58.6,284,71,1.76,,2875,,62,0.1,361.35843,2725535,,5.5
Suriname,2015,Developing,71.6,176,0,,89,0,58.3,89,0.4,8818.982566,55328,3.5,12.7
Suriname,2010,Developing,73,19,0,5.26,86,0,54.8,96,0.5,833.31332,52613,3.5,12.3
Suriname,2005,Developing,68.9,25,0,4.47,83,0,51.1,84,0.6,3595.8855,498946,3.5,11.3
Suriname,2000,Developing,67.4,224,0,4.29,,0,47.6,7,0.4,1888.61829,47239,3.6,11.1
Sweden,2015,Developed,82.4,53,0,,67,22,59.5,98,0.1,5585.25847,9799186,1.5,15.9
Sweden,2010,Developed,81.5,58,0,7.2,,6,57.3,98,0.1,5276.25591,9378126,1.3,15.8
Sweden,2005,Developed,85,66,0,6.5,,13,55.3,98,0.1,4385.35315,929572,1.3,16
Sweden,2000,Developed,79.6,73,0,6.2,,59,52.8,99,0.1,29283.55,887219,1.4,15.9
Switzerland,2015,Developed,83.4,49,0,,,35,57.4,97,0.1,8989.8424,8282396,0.4,16
Switzerland,2010,Developed,82.3,57,0,10.01,,77,55.4,96,0.1,74276.71842,782499,0.5,15.4
Switzerland,2005,Developed,81.1,66,0,10.15,,60,53.2,94,0.1,54797.54663,7437115,0.6,15.2
Switzerland,2000,Developed,79.7,78,0,11.26,,0,5.8,95,0.1,37813.23426,718425,0.7,15.1
Thailand,2015,Developing,74.9,148,8,,99,154,33.6,99,0.1,5814.863134,686576,7.7,13.6
Thailand,2010,Developing,73.9,158,10,5.95,98,2583,27.9,99,0.2,575.32176,672888,8.2,13.1
Thailand,2005,Developing,72.5,177,13,6.26,96,3526,22.6,98,0.5,2893.651356,6542547,8.9,12
Thailand,2000,Developing,71.1,194,18,5.88,95,4074,18.7,97,0.8,27.564826,6295821,9.4,10.9
Turkey,2015,Developing,75.8,16,15,,97,342,66.1,97,0.1,1979.52569,78271472,4.9,14.5
Turkey,2010,Developing,74.2,116,21,1.49,96,7,61.9,97,0.1,1672.5693,72326914,4.9,13
Turkey,2005,Developing,72.4,129,30,1.29,85,6200,57.6,9,0.1,7384.354661,679346,5,11.9
Turkey,2000,Developing,74,143,44,1.54,71,16244,53.5,85,0.1,4316.553895,6324121,5.3,10.7
Uganda,2015,Developing,62.3,291,66,,78,478,18.5,82,3.1,693.8963829,414487,5.6,10
Uganda,2010,Developing,58.4,362,79,10.03,8,1313,16.3,79,8,594.9972557,33915133,6,10.9
Uganda,2005,Developing,53.2,446,99,10.09,64,22,14.5,59,8.7,315.788227,2854394,6.5,10.9
Uganda,2000,Developing,46.6,554,116,10.47,,42554,13,55,11.6,257.63369,2439274,7,9.8
Ukraine,2015,Developing,71.3,195,4,,22,105,61.3,51,0.2,2124.662666,4515429,2.3,15.3
Ukraine,2010,Developing,69.8,212,5,8.39,48,39,58.5,57,0.2,2965.142365,45877,2.4,14.9
Ukraine,2005,Developing,67,278,5,7.31,97,2392,56.4,95,0.9,1828.717626,471515,2.7,14.5
Ukraine,2000,Developing,67.5,257,6,4.49,4,817,54.8,99,0.7,635.789635,49175848,3,13.3
United Republic of Tanzania,2015,Developing,61.8,279,85,,98,30,23.8,96,1.4,,,6.7,
United Republic of Tanzania,2010,Developing,57.5,36,89,4.19,91,167,2.7,94,4.6,,,7.1,
United Republic of Tanzania,2005,Developing,52.2,449,97,3.94,9,23,18.1,91,10,,,7.7,
United Republic of Tanzania,2000,Developing,49.2,457,114,3.89,,14649,16,64,12.8,,,8.3,
United States of America,2015,Developed,79.3,13,23,,92,188,69.6,93,0.1,,,0.8,
United States of America,2010,Developed,78.7,15,25,8.55,92,63,66.9,93,0.1,,,0.7,
United States of America,2005,Developed,77.5,112,28,8.52,93,66,63.8,92,0.1,,,0.7,
United States of America,2000,Developed,76.8,114,28,8.21,9,85,6.1,9,0.1,,,0.8,
Uruguay,2015,Developing,77,116,0,,95,0,64,95,0.1,15524.84247,3431552,1.5,15.5
Uruguay,2010,Developing,76.3,118,0,6.21,95,0,61.2,95,0.1,11938.212,3374415,1.5,15.6
Uruguay,2005,Developing,75.7,123,1,6.35,96,0,58.3,96,0.1,522.951116,3325612,1.6,15.5
Uruguay,2000,Developing,75.1,131,1,6.65,92,0,55,92,0.1,6871.897677,3321245,1.8,14
Uzbekistan,2015,Developing,69.4,184,15,,99,22,44.7,99,0.1,2137.576852,312989,3,12.1
Uzbekistan,2010,Developing,68.3,183,20,2.73,99,117,4.7,99,0.2,1377.8214,285624,3,11.9
Uzbekistan,2005,Developing,67.3,192,24,1.78,99,737,37.5,99,0.3,546.776852,26167,3.2,11.7
Uzbekistan,2000,Developing,67.1,189,30,1.6,,80,34.8,99,0.1,558.221144,24654,3.4,10.6
Viet Nam,2015,Developing,76,127,28,,97,256,17.5,97,0.1,,,14.2,12.6
Viet Nam,2010,Developing,75.2,133,29,3.93,88,2809,14,94,0.1,,,14.5,11.9
Viet Nam,2005,Developing,74.4,136,29,2.7,94,410,11.3,94,0.2,,,15.3,11.1
Viet Nam,2000,Developing,73.4,139,33,1.6,,16512,9.2,96,0.1,,,15.8,10.4
Yemen,2015,Developing,65.7,224,37,,69,468,41.3,63,0.1,,,13.6,9
Yemen,2010,Developing,64.4,233,35,0.06,76,510,37.2,77,0.1,,,13.7,8.5
Yemen,2005,Developing,62.6,245,40,0.04,8,6285,33.9,8,0.1,,,13.9,8.6
Yemen,2000,Developing,68,252,48,0.07,14,0,31.2,74,0.1,,,14.1,7.7
Zambia,2015,Developing,61.8,33,27,,9,9,23.4,9,4.1,1313.889646,161587,6.3,12.5
Zambia,2010,Developing,58,363,30,2.47,83,15754,2.7,8,6.8,1463.213573,138533,6.7,11.8
Zambia,2005,Developing,49.3,554,34,2.33,82,45,18.4,84,17,691.3178164,1252156,7.1,10.7
Zambia,2000,Developing,43.8,614,44,2.62,,30930,16.8,85,18.7,341.955625,1531221,7.5,9.6
